0, 0, 23563.700090118204, [7936001.484146775, 29.650370097435797, 8010.66220833056, -5477.438954105854, 5207.238493480871]
0, 1, 27830.9251406208, [7225853.519381866, 34.22768866893884, 7626.571291269758, -4660.735700075469, 4895.052881402147]
0, 2, 101823.84715918808, [7768042.966478983, 14.448967960435665, 7114.846224152985, -7595.466539031524, 5321.081243543287]
0, 3, 123864.11465660557, [7127094.46983213, 10.506652742871971, 7108.798700119459, -2392.4375505219778, 4531.010396684177]
0, 4, 162208.4148463554, [6207694.808843072, 27.784165153088026, 7878.738195307765, -2887.089413777675, 5102.816780233792]
0, 5, 183554.89100746426, [7460020.867988543, 29.155905348926275, 7996.968140156718, -2807.7674343556055, 5897.148719421888]
0, 6, 184046.97184066867, [7473321.7074414315, 33.04618476502762, 8793.835925066509, -1372.0491475824238, 5133.613278223169]
0, 7, 204625.95537840427, [7814112.328320777, 12.882237204998573, 8461.05585435146, -9252.466344357908, 5094.195434103962]
0, 8, 212277.8610814875, [7123976.900381131, 14.459163057025844, 8261.963112232314, -693.1643506519795, 4789.728664285957]
0, 9, 215482.16293380063, [7863506.748534561, 37.60160974469086, 8912.46514265195, -9779.79783248935, 4758.260617892655]
0, 10, 221490.54412884737, [7341916.245845929, 23.239106553151995, 6130.571750777988, -8740.75420226859, 4934.787624619442]
0, 11, 226627.91534246027, [7622407.552933486, 28.893287144427738, 8591.18401358153, -615.6748744139368, 5613.635497982228]
0, 12, 228601.89616320567, [6455366.334417533, 39.42844057091081, 6214.855242644111, -9147.97248171107, 4796.175725060933]
0, 13, 242839.81970685424, [7062274.004590542, 17.849505175935015, 6181.552249609047, -4055.440838642601, 5915.240674166394]
0, 14, 245306.61309880516, [6364309.885634728, 24.46468493179178, 5889.856266366166, -485.5981036348676, 5352.612902564145]
0, 15, 251973.84518795175, [7915172.614794187, 29.28170146414644, 5508.666369703743, -4258.357016421759, 4534.2233656984445]
0, 16, 255015.0358029923, [6186539.561467609, 31.33081056560311, 5575.226977486949, -1206.9725604357573, 5514.516747919381]
0, 17, 255105.63201405937, [7338067.596759183, 28.052528468504786, 5237.30495230745, -9041.472042343208, 5418.995488716302]
0, 18, 256072.05565656032, [6876062.301323192, 20.175521399722715, 5595.61866110652, -3683.696898004483, 5266.483812123085]
0, 19, 256172.46672854605, [6409214.177458079, 19.77895930502996, 5463.888998448845, -560.1211052885446, 4700.165294952644]
0, 20, 258484.5713071527, [6105856.929818723, 29.330822758733653, 5589.009344365282, -2776.426011367901, 5633.1214041673775]
0, 21, 260107.4901055613, [6516926.571105478, 11.255231493910413, 5250.246736928446, -2348.1557786363383, 4772.784472784036]
0, 22, 260141.02781579585, [6813554.390903912, 21.567690504579666, 5110.246357376676, -6964.202613097634, 4625.190133500184]
0, 23, 260147.11422175256, [6653169.760618871, 31.270421277606918, 5019.368604327179, -1497.1117858441976, 5049.896971007396]
0, 24, 261555.03239651906, [7775790.859891034, 39.0084235865061, 4397.185164979414, -7843.306858193417, 4737.349552968088]
0, 25, 261966.3611987605, [7814328.190942217, 31.871512636793863, 4406.674998012653, -8584.662581411561, 5701.042060730906]
0, 26, 262003.8075795829, [7311235.810971082, 34.83949975449154, 6990.63138312586, -8720.207898777244, 4801.6464616027015]
0, 27, 262114.7063446661, [7169069.3358510025, 24.84772329141529, 4621.430183470018, -6206.9264487378305, 5049.4574285124245]
0, 28, 263067.08674529893, [7094180.715283565, 32.341636069366814, 4399.14496992334, -1289.1371079833916, 4741.49701861428]
0, 29, 264484.62345567823, [7584639.038677644, 23.286564425553987, 3880.385339706928, -4362.342707110429, 4542.671503260015]
0, 30, 264502.2552021119, [6502609.63424276, 15.307820158311014, 4466.698601464521, -2134.850999246003, 4610.451616008935]
0, 31, 265224.77097909414, [6232443.517819907, 25.940137452963373, 4387.6441178914, -7105.8180475745485, 5668.780538944184]
0, 32, 265621.0946161562, [7550059.88454635, 38.6507572780169, 3616.922505278111, -2616.5403900219662, 5543.755086739542]
0, 33, 265872.38753285876, [7036485.244658308, 22.38331613904556, 3830.5558574196257, -9384.574019968855, 4985.171410030404]
0, 34, 266202.53790766693, [7906524.510039384, 29.56353371344437, 3343.1345072314252, -3460.6266324420676, 5882.535642132034]
0, 35, 266245.43973686104, [6213820.649673841, 38.34344425606445, 4211.8603787476695, -2429.14824711439, 5701.525412659709]
0, 36, 266298.9434406821, [6836781.815991647, 24.36852165360095, 3709.8754100460583, -5216.842489583016, 5101.468816104467]
0, 37, 266684.7437039383, [6803716.473117737, 26.700036560529806, 3668.5302558724256, -1192.7830520232546, 5010.155974722651]
0, 38, 267031.31681221514, [6806528.751750906, 13.14296348205976, 3419.8616139217966, -6923.600306753575, 4805.900268717831]
0, 39, 268973.19122724526, [7580653.298896697, 18.521141952384557, 3354.3132941033978, -8373.842001867357, 4155.720390227908]
0, 40, 269151.6307480446, [7352915.120712526, 26.037962983800046, 6232.934930534348, 7619.588350549795, 4012.9134784998487]
0, 41, 269236.00854145485, [7270492.826632898, 22.027577077410886, 5301.488479621608, 6939.459148183538, 4025.1801069484977]
0, 42, 269304.56036850705, [7212436.668208351, 26.543721631511655, 5515.157554783487, -7192.95447320018, 4107.950995942451]
0, 43, 269595.3570398158, [6939927.680904767, 37.438281359143176, 4637.774207423863, -9677.044932776076, 4302.442510959721]
0, 44, 269693.9678168443, [6843306.061707999, 34.62476152937789, 3921.3162639227803, 8747.019875584836, 4330.214096379347]
0, 45, 269769.06364918157, [6759951.602888843, 37.892656463143226, 3646.2471080990776, 2010.1308965655444, 4325.136350100139]
0, 46, 269785.1131199455, [6710696.76956181, 19.752990556604676, 6294.232777255072, -832.7000357046727, 4186.579892304334]
0, 47, 269809.2794332355, [6673124.317264604, 18.009744171188256, 5247.360786399776, 4358.974071999637, 4078.886378607743]
0, 48, 269825.8457491087, [6703685.521477505, 22.69298091235951, 4689.005529673925, 5676.536224684378, 4359.174503303824]
0, 49, 269869.24750383315, [6613770.928940816, 25.03719262335856, 3570.185822153098, 3917.3904231145643, 4129.88923901101]
0, 50, 269898.4519566038, [6617980.9902357515, 19.512755338108345, 3178.630289515464, -593.7835304121381, 4334.774675614838]
0, 51, 269947.96301922563, [6550501.869046629, 38.391197475266736, 6891.452924179774, 778.3079707933994, 4257.069904124941]
0, 52, 269987.94394799875, [6496914.234280987, 29.050612928470056, 6017.687988234025, -4907.953940124221, 4189.837635112614]
0, 53, 270015.70741492824, [6455406.167252665, 38.74979701845122, 3983.603207739119, -387.9769349279777, 4089.921697317652]
0, 54, 270173.5326608363, [6309886.614361693, 26.807299042822333, 3411.4773811736773, 7563.229552711211, 4224.311585912032]
0, 55, 270336.0485773425, [6130468.511320798, 32.118505973880794, 6399.288201997424, -3780.348161419245, 4185.680345720441]
0, 56, 270380.02899064193, [6082479.756614228, 12.811211263275418, 4094.2065777416783, 5868.237341507976, 4157.224332940464]
0, 57, 270432.99960328965, [6096480.890239776, 26.037514883587896, 7952.0937854427075, 6879.487229348633, 4576.790688277143]
0, 58, 270506.24679386365, [6000874.825074635, 13.08560758729573, 4019.548463367486, 8026.555387074775, 4510.947926432225]
0, 59, 279645.5213474896, [7258746.631100861, 27.6455864543217, 6736.973361825774, -8656.419148974737, 4825.108830109158]
0, 60, 288604.2878723028, [6172433.14910397, 21.088734980470196, 4790.754784932565, -105.58521598817788, 5628.75118813403]
0, 61, 296526.5845747085, [7520235.13310642, 37.801052442930555, 8341.71864331317, 4151.263229322503, 4421.437152025441]
0, 62, 305888.1460127098, [6113125.117782092, 35.663250251554274, 8549.479714316014, 3806.374883008928, 5626.880455152046]
0, 63, 310146.12982261996, [7624163.928893099, 30.560072289536322, 6250.164252550674, -8697.490995884878, 4317.318807169124]
0, 64, 328061.8348018712, [6928302.499962106, 20.839305574766747, 8050.641036202513, 6417.11086420868, 5184.894320077208]
0, 65, 330071.39769209333, [7102939.561014353, 26.27143865622868, 7466.052515220139, 4874.558816800496, 5663.663671749309]
0, 66, 330304.40704111516, [7676915.13465821, 37.555084484452905, 8041.258022577564, 6740.75207748538, 5424.502147142621]
0, 67, 330325.65780117665, [7700356.575632925, 33.10986522668138, 8602.037648281814, 8287.292121370483, 5040.5453531275925]
0, 68, 334407.2553234597, [6994085.29723218, 11.984633844424378, 7875.939722613933, 7112.818776316777, 5056.648885497172]
0, 69, 334677.6100902605, [7970667.335960452, 32.71963521165162, 8323.194350256106, 8948.723616883744, 4824.283598220711]
0, 70, 337936.494953659, [7544420.818867023, 38.01519262813946, 5807.06070540643, 2270.606822433936, 4453.659607623521]
0, 71, 341584.01147080003, [6776892.964145466, 30.54537078736604, 6922.263804764607, 5400.615964758817, 5666.003207159678]
0, 72, 343060.28541655943, [6984570.986934655, 19.57961611343546, 6442.632755977216, 4587.422890186552, 5498.965051511138]
0, 73, 343481.87201864243, [7615659.386500449, 24.321976715671305, 7261.620847243982, 7097.683229561793, 5976.407855182081]
0, 74, 347753.76390070934, [6238150.820881984, 13.4898477782301, 6647.4699489876275, 6636.313015927113, 4889.249481441326]
0, 75, 349287.37629283534, [6222766.019485892, 35.82901409005609, 7377.042482816029, 8682.290574059902, 5424.805492075968]
0, 76, 352697.18752977235, [6072277.967201654, 38.63263282221459, 7034.406861960588, 8410.973794719466, 5883.52446174631]
0, 77, 355428.4324456812, [6183204.879791714, 36.17657395742114, 5556.207243078101, 4532.580586614671, 4697.735252473197]
0, 78, 356897.0419799699, [6532442.038126674, 33.0658044882196, 5291.923447122258, 2114.554736960905, 5837.011051753125]
0, 79, 359845.27396714845, [6295956.530784136, 31.617776146563735, 5188.357933238374, 1413.5316984024466, 5733.324779461957]
0, 80, 360105.3734270964, [7722944.383169024, 18.496271250734576, 5201.156922864742, 6186.788480321675, 5269.68659041691]
0, 81, 360692.9695750454, [7826301.64286244, 10.937094862638117, 4708.527930795145, 3230.662738868732, 5163.069467712194]
0, 82, 361134.34501606674, [7177117.528311621, 28.082535371664363, 5980.668488089668, 9736.011853613087, 5299.084339760871]
0, 83, 363824.23649515654, [7489696.066079401, 13.356038956148666, 5244.0446084461555, 9867.787614309877, 4439.448197589773]
0, 84, 364030.93798864767, [6644734.191572525, 17.766202128417497, 4861.086588126651, 3867.905173711306, 5435.710090758475]
0, 85, 364049.6177716917, [7833928.474215323, 35.41471441938253, 5411.338575976575, 9563.14124570856, 5581.673113152961]
0, 86, 364724.99241571286, [7780769.923871225, 27.014815712146316, 4963.0794068456635, 7104.717091743856, 5980.479883291267]
0, 87, 365285.2484936385, [6323095.543953817, 15.336612183669882, 4824.08776081113, 2788.6230152437292, 5631.744039819181]
0, 88, 365968.5191837065, [7539681.263122885, 30.92077880692251, 4437.569031121946, 3251.1394549404813, 5986.962321971696]
0, 89, 368594.2921708928, [7713300.096863072, 32.125348774108325, 4003.8304486622687, 4018.8988254214128, 4516.750336099316]
0, 90, 372068.56598923815, [7728818.769976489, 32.84442818957868, 3526.9420835465276, 4658.571896912756, 4879.9591802900195]
0, 91, 373489.100547456, [7252738.1819720175, 13.964691989634392, 3320.3320015064096, 5598.8489092858035, 5004.9309284748215]
0, 92, 373714.2050867546, [7982676.350790029, 34.715547639770996, 3033.5728378719996, 3130.5659481809216, 4217.106775813068]
0, 93, 373871.56538739055, [6069694.069082566, 35.754411534776196, 3985.4169865322942, 1418.1152094759127, 5508.387228308309]
0, 94, 373874.43128471717, [6885815.169846099, 16.215023188096183, 3436.2516097682787, 8149.889581727486, 4976.003783470702]
0, 95, 374981.23793472943, [6206345.997786011, 38.97488959673365, 3472.991702411556, 7814.049177735116, 5394.561193374158]
0, 96, 375051.93233836896, [6637032.117682119, 20.374452076061154, 3362.695688622967, 8422.273718911707, 5824.206559378277]
0, 97, 547109.7005234214, [6524217.819518544, 30.306226035516588, 4346.681009523555, -1314.7402311526112, 5146.10519607583]
0, 98, 551792.0823151236, [6624069.925460404, 12.390333086237682, 5730.476792383566, -8490.623645045689, 4838.864612570075]
0, 99, 557019.1593379283, [6356327.806892054, 25.81435861418793, 7078.606158753222, -1662.576765401147, 4682.245219394588]
1, 0, 23563.700090118204, [7936001.484146775, 29.650370097435797, 8010.66220833056, -5477.438954105854, 5207.238493480871]
1, 1, 73984.1366824641, [7349238.550921671, 18.09557625577756, 7653.757371121499, -5982.784732122255, 5050.823599306592]
1, 2, 93702.68281356212, [7719309.140471099, 30.259150905201892, 8906.3160267541, -6814.61036893976, 5130.466337655041]
1, 3, 110075.04510133463, [7889729.398010184, 19.89632806734501, 8806.240362918734, -6823.201658762038, 4786.7625005959735]
1, 4, 168445.87980425046, [7623606.425845335, 28.41560719457186, 6958.804402892465, -2991.0263468602307, 4680.745691571676]
1, 5, 178181.87479941474, [7353919.672751598, 15.853567399072748, 8144.315139758432, -8281.91116383822, 5088.896375356916]
1, 6, 179279.2150483652, [7642576.6300590355, 28.032791142468803, 7586.265673261593, -7689.370284057766, 4912.102796659177]
1, 7, 190013.35592758912, [7500809.2024441855, 14.930366038737136, 8817.893337983722, -1007.221995494744, 4966.450512499903]
1, 8, 190346.43828802253, [7497223.324562843, 13.150443384174505, 8459.966572457855, -1146.2451471226514, 4844.814328997179]
1, 9, 191337.253158392, [7039110.375474129, 11.4977810871978, 8611.84044116032, -8607.552664582996, 4764.208093709565]
1, 10, 194527.41815648827, [7608821.064656321, 24.728055257170027, 6875.432900524327, -3456.935470720228, 4531.301329221856]
1, 11, 201459.32058004107, [7841763.5181603115, 13.475857386486432, 8331.687215144762, -8777.849227205192, 4784.655517014816]
1, 12, 204774.11766561455, [7792663.036936169, 24.656069010072983, 7518.121400639237, -8411.496285026697, 5059.7520711340685]
1, 13, 212920.41897873374, [6583102.512547627, 36.46483831924175, 6763.519982243988, -2317.8859802788397, 5006.678616039]
1, 14, 218285.0395866234, [7275487.404009043, 28.583699975003704, 6514.39802774244, -8600.767286857721, 5753.394716797276]
1, 15, 235496.4914145978, [6462789.27679577, 33.9066391650857, 6403.957201138209, -2354.3024368688057, 5726.366285033143]
1, 16, 242547.382569705, [6243973.611277397, 12.69872195648154, 6484.947686774785, -2470.913371372777, 4748.725911397136]
1, 17, 243339.46232178874, [7630790.383733098, 28.179477309185675, 6070.937317092493, -5326.38535362826, 4368.713767943391]
1, 18, 244037.33241466433, [6419901.810581879, 23.834668038618098, 5994.590752661572, -514.4903935829255, 4660.986673560883]
1, 19, 246988.2202846278, [7369655.269136523, 24.39359553994765, 8181.335022653687, -10000.0, 4662.449835550402]
1, 20, 247728.0013544057, [7695378.1004452165, 24.728615852320793, 5873.6708038997385, -3140.287785009048, 4763.843800164792]
1, 21, 248436.77605564654, [8000000.0, 25.90856338318727, 5517.593427693695, -1763.7876132548831, 5046.295487126733]
1, 22, 248974.17436711863, [6363649.5119635835, 17.961620654697988, 6077.90151131961, -2469.7137326233346, 5099.451050714774]
1, 23, 249948.8520320338, [6292848.403808077, 13.830170756404609, 6083.869724069959, -2708.885609241223, 5056.162173548031]
1, 24, 252088.22798438673, [7143931.819223631, 28.28701343738944, 5721.510600133724, -2208.352360685065, 4530.764922991635]
1, 25, 252985.29583023494, [7837823.575614806, 29.861380783077845, 5441.841477509181, -3824.859938023258, 5617.322602602457]
1, 26, 253737.8227645739, [7147878.742767324, 27.66345461265233, 5327.697667451871, -9920.84038446146, 4679.710631850945]
1, 27, 255423.6733019723, [6847986.082577288, 17.270859430958144, 5328.9260762801605, -8678.930825235271, 4614.6597280836595]
1, 28, 257105.7878069315, [7542238.731714606, 25.872304938675157, 7024.003482210065, -1214.9038192212677, 5210.808519845263]
1, 29, 258508.868878175, [7296334.039470393, 37.42234427607644, 5071.218313796546, -7777.210417294122, 5617.44205542697]
1, 30, 259777.43594373294, [6649870.348731955, 24.99030840150639, 5239.23392662769, -6213.042737369733, 5070.992746397351]
1, 31, 259972.09786015877, [6502392.761107431, 23.490189281130498, 5242.4545557690735, -3288.7963508934536, 5175.509242221768]
1, 32, 259987.6033341781, [7420023.093080818, 26.489742932226104, 4744.60631483696, -8586.282547038172, 4746.117125967069]
1, 33, 260428.3308379545, [7641413.690500497, 22.91748043126561, 4769.318029176601, -5354.456894519522, 4974.773450458269]
1, 34, 260488.92328018072, [7874073.808476395, 29.04233512936869, 4545.772873600488, -6613.204604526196, 4603.765155695724]
1, 35, 260578.7697051125, [7192484.718894956, 31.41605284140971, 4870.01986192072, -3060.2609880806517, 4411.946072616541]
1, 36, 260812.95645610025, [7864932.641180526, 30.904790829551978, 4544.436500821033, -5145.335321360162, 4945.396301800738]
1, 37, 260908.14089474556, [7272378.703372007, 18.86273512877515, 4828.8153796096685, -6853.775778771246, 5239.027866223495]
1, 38, 261071.53651803464, [6244043.009447098, 38.599241877943605, 5287.579973449991, -4809.470982157888, 5086.323795750611]
1, 39, 261092.13461768907, [6496938.288606722, 23.53212996198463, 5099.335275628662, -7517.287804140942, 5151.33098426112]
1, 40, 261140.89500275996, [7195228.499756005, 20.716824717623574, 4873.911378522999, -6221.592752376582, 5218.80893153815]
1, 41, 261257.52065180894, [6405936.517939558, 18.982680902768312, 5052.898313865133, -2115.699730545598, 4670.232448300257]
1, 42, 261555.03239651892, [7775790.859891034, 38.549276043216786, 4397.185164979414, -7843.306858193417, 4737.349552968088]
1, 43, 261555.43478180913, [7775790.2319269115, 39.99803356212296, 4397.130522731378, -7843.306858193417, 4737.349552968088]
1, 44, 261872.31413873387, [6799086.803391239, 14.470476884630703, 7227.223629950304, -492.2014607169738, 4806.891945206312]
1, 45, 262150.8282902042, [6696768.191147703, 26.58574747013965, 4812.381174222175, -2873.3118273429272, 4938.927966510103]
1, 46, 262475.97177514224, [7288000.000864968, 28.350223285993827, 4539.138367844919, -6147.2094958799025, 5405.302250913094]
1, 47, 262645.1188684996, [6954586.170097779, 36.38956261033454, 4691.466776413947, -6011.947336459443, 5582.58236999275]
1, 48, 262696.59521906055, [7849883.78791332, 29.483031917727047, 4201.140289266936, -4004.361659690755, 4494.549438793421]
1, 49, 262739.565547401, [6510711.229203377, 16.463747341148412, 4744.371529327125, -1197.2914771295148, 4630.80710546318]
1, 50, 262944.9874838995, [7018205.666918895, 23.749995044503265, 4492.824427421347, -1829.6983425223802, 5816.972008738836]
1, 51, 264164.8250503063, [7529354.39394827, 28.324063020216684, 4113.540940931139, -6372.228872634967, 5435.971362647402]
1, 52, 264451.3759747804, [6959351.299111481, 22.303808005025875, 4255.4096978971065, -3502.43769332691, 4651.399288148266]
1, 53, 264637.2245142926, [7090618.71533954, 34.68961678056424, 4155.5942566876665, -2676.60846064509, 5469.00980083034]
1, 54, 264941.10204549803, [7573945.3745615035, 23.371757918815565, 3830.2367312048254, -2470.5403340781236, 5010.72658000811]
1, 55, 265171.60486105573, [7568545.0379399415, 30.73399863475607, 3649.9969370344893, -3365.7570441401185, 4510.383131231365]
1, 56, 265597.95508682565, [6143845.948311131, 36.81970615737812, 4391.330490229156, -1293.7192232526018, 5672.992082357632]
1, 57, 265602.11437820486, [6152075.47559596, 37.3653133384567, 4318.359082239723, -1613.1420611041021, 5696.712348985288]
1, 58, 266986.93163388583, [6876331.795330686, 14.145111281541519, 3480.350167930915, -2700.1456826516574, 4807.140693486049]
1, 59, 267286.46025772195, [7297622.614255754, 33.76560234432317, 3000.0, -5544.753957614924, 5005.195391655284]
1, 60, 267583.46046348754, [6186962.277194477, 23.170093872822015, 3625.0966826291597, -4484.638121217243, 4975.6198475984165]
1, 61, 268716.87301757076, [7827619.288357015, 20.4234756030784, 4630.4031174291085, -1165.4829409173362, 4055.5435754762952]
1, 62, 268949.2359049032, [7623382.949163782, 28.460287028864887, 8502.36805728019, -2635.928264239623, 4195.960304411397]
1, 63, 269473.2356347452, [7089005.762168584, 37.81614031970859, 3246.0922623378206, 2263.9617763014166, 4331.0745814706615]
1, 64, 269662.4187842028, [6883698.470558021, 37.85936585427901, 4616.501420642653, 3383.3016016093425, 4352.094311501558]
1, 65, 269749.66771650565, [6779093.30208483, 11.18588664107511, 4514.809032707181, -95.77480282278157, 4315.704967256811]
1, 66, 269774.2089077367, [6783422.589956722, 26.503741446895795, 7853.86411481561, 8111.819313845942, 4415.477781942817]
1, 67, 269914.9765713166, [6650105.951474584, 28.49989236798325, 6003.251245905774, -2434.0400012280165, 4469.68941415374]
1, 68, 270044.3186888438, [6518006.830776117, 32.628928724882385, 5210.277424916767, -1218.2291014582179, 4507.32477033869]
1, 69, 270182.2041877619, [6367579.48922948, 26.547197023819777, 5490.251231805077, -3745.907965146044, 4533.757829276679]
1, 70, 270182.22881382774, [6358041.032102986, 16.718744609185336, 6421.069234365496, -8504.02786303428, 4507.334327107953]
1, 71, 270260.4642480049, [6210065.689831475, 25.27533480298487, 6998.107611042984, 4864.977167843862, 4151.113569058758]
1, 72, 270268.0570155021, [6207077.290261493, 27.382585272803905, 4530.257298142158, 1369.6696440429696, 4217.10384808247]
1, 73, 270506.24679386365, [6000874.825074635, 13.08560758729573, 4019.548463367486, 8026.555387074775, 4510.947926432225]
1, 74, 270506.24679386365, [6000874.825074635, 13.08560758729573, 4019.548463367486, 8025.862115913739, 4510.947926432225]
1, 75, 288034.18347381375, [6337972.117580619, 34.1670759740314, 8590.724944130856, 2146.985259133397, 5746.2857674632105]
1, 76, 310753.99319858133, [6530052.6232514195, 32.8425118469812, 8413.170000981308, 3931.3508902815192, 5715.647128872937]
1, 77, 326398.15624136064, [6881523.091090005, 26.52070154402042, 7687.780765028778, 5384.056107105806, 4934.465612670653]
1, 78, 337639.5368799952, [7074696.672017285, 16.25512419186659, 7854.80457583006, 7333.652918592272, 5430.579990429675]
1, 79, 337708.98125759885, [6541361.634680977, 35.4382100537149, 6479.013095773322, 3156.1609245616346, 5513.475973922368]
1, 80, 345452.0212299946, [7369357.278531944, 20.9363424326163, 6175.714407456282, 4642.356217301394, 5372.966697753807]
1, 81, 350082.70356416627, [7113528.489532994, 30.05738002959142, 5434.053218819048, 2462.1076454694266, 4729.844912655252]
1, 82, 354943.693133091, [7372685.0645183055, 18.227068240746377, 5696.565420375398, 5937.815882747258, 5157.781394283838]
1, 83, 359165.02246425685, [6707524.04724524, 25.88761233266657, 5845.33039113826, 7350.670289557798, 5683.346534980442]
1, 84, 360524.0724630139, [6690691.3201684235, 16.897887582315978, 5181.686015470358, 5441.655536147581, 4861.362088121315]
1, 85, 362451.6670909939, [7154375.098363846, 19.596091846625857, 4800.682532042557, 3792.339060144157, 4691.435229031264]
1, 86, 368002.3451324573, [7622047.794223737, 20.66859813211738, 4222.750204920732, 2643.2524960888413, 4703.395928945515]
1, 87, 368669.27708589676, [6423975.766489178, 27.497379079486915, 4435.936974528666, 3405.792501180017, 5014.475522166349]
1, 88, 369614.7782226052, [7344110.038373635, 25.137649464113554, 4030.7980661926226, 4184.166405689146, 4532.18591474575]
1, 89, 371038.4768653999, [6312260.965676963, 27.608362718628015, 4183.701962140307, 7410.800202630319, 4933.397960753526]
1, 90, 372740.0841303261, [6200968.500298967, 25.42673856448614, 4004.163482972934, 3109.8550819567436, 5054.682578464135]
1, 91, 374067.57510200003, [6394985.49366174, 25.42167328628095, 3556.6765717379667, 6042.641977843921, 4576.450502340133]
1, 92, 374153.2236734666, [7262735.9547299985, 18.489452364516996, 3190.195906751776, 6781.4357467383115, 4789.228702231874]
1, 93, 393852.6138877068, [6466877.289991673, 24.317412590307576, 4104.640953134164, 1414.0111916248097, 5124.074086005979]
1, 94, 478902.45015025686, [6862997.504116672, 17.87544640616548, 3651.0878607397235, 608.5441104527399, 4671.820313617352]
1, 95, 539408.3199422621, [7580742.792422724, 39.48512288589631, 3629.813574913981, -3910.1686408664536, 4938.170789169577]
1, 96, 544386.9181249271, [7119692.939067717, 13.169228177834889, 8333.147306788129, -7626.836434457164, 4944.105912054239]
1, 97, 547343.2734968744, [6412407.1623321045, 39.386179629081155, 6095.312117405785, -3864.464496956335, 5198.310640624127]
1, 98, 551210.5918855817, [6290712.689256192, 27.30781143374208, 5745.807111954935, -6217.3150859196385, 5084.828323350729]
1, 99, 556251.9904772767, [6544887.321485976, 20.30404847105792, 4304.559066545912, -220.16586533906047, 4583.037844001116]
2, 0, 23563.700090118204, [7936001.484146775, 29.650370097435797, 8010.66220833056, -5477.438954105854, 5207.238493480871]
2, 1, 41952.09560019942, [7308762.558577621, 18.742897810296864, 7669.814135718982, -5724.057058173197, 5202.8685841808265]
2, 2, 48259.371356172676, [7713369.779270178, 29.63278546026948, 8061.978403888012, -4016.470502593739, 4650.037905127308]
2, 3, 68208.92793552049, [7840623.269562695, 29.87628238564983, 7552.014858835801, -5835.620652161477, 5011.42876121246]
2, 4, 74071.8396281579, [7729070.355493271, 15.750015221663554, 8871.173451800509, -6388.490070476074, 5089.039248029647]
2, 5, 85087.07889284, [7500406.622993733, 19.99937955673274, 8824.565109517152, -3636.2319078741716, 5096.043397183585]
2, 6, 104297.43007271465, [7056146.812338444, 26.59049663043548, 7942.988578687118, -4926.943072811149, 4863.349217927928]
2, 7, 105101.48827628445, [7442190.538321937, 17.92685595931001, 8000.8614468825635, -6503.238774195298, 4940.966642680164]
2, 8, 105355.62484354491, [7358395.953667115, 18.79554345655361, 7942.118647049479, -6323.503288988535, 4819.600628767752]
2, 9, 126356.14744665731, [7652857.231353221, 28.569715939578852, 7748.676475378362, -7502.1313483238555, 5645.049179883459]
2, 10, 147138.5683847784, [7837497.640658935, 25.598775329306942, 6749.156948245165, -7572.594669528488, 5049.938966369031]
2, 11, 170862.77033593578, [7476839.634243152, 18.400273670967607, 7058.260575276252, -5126.567426683619, 5074.651138646996]
2, 12, 193835.23714349617, [7078763.604305109, 25.930778853460236, 7899.905313670505, -1696.5341401772694, 4913.712085211178]
2, 13, 198818.92024207098, [7908946.840649301, 30.248983442659533, 6587.80589217373, -3118.6630383041866, 5167.73025315942]
2, 14, 200632.59318469025, [7349866.6784695145, 24.32938110287004, 6946.864635463189, -6078.8290622334425, 5596.18438477654]
2, 15, 202859.70601230877, [7114065.2922465075, 17.76797406800556, 6850.607461586953, -3431.341653493622, 5694.118446966885]
2, 16, 205742.51788062628, [7872973.571324294, 29.013862353869396, 7109.087053706041, -7407.581890411504, 4626.120968960593]
2, 17, 215717.22270717667, [6919130.258605637, 34.3185269939694, 6515.936150711292, -2406.106789671452, 5675.396229264889]
2, 18, 220553.2685477842, [7300824.238915554, 27.853973621371843, 6455.90686929672, -2826.1127590077836, 5675.122165054418]
2, 19, 221520.0961021655, [6894611.459182701, 25.154378568339087, 6884.794210540806, -5421.734936315081, 5114.527058801026]
2, 20, 223805.59731104106, [7379025.561287145, 24.247116749539323, 8168.05524173279, -9150.503037379402, 4686.6549670080285]
2, 21, 232820.6206931117, [7518337.896919302, 25.919242710550254, 5998.7547577617515, -990.0461506366981, 4905.126666952429]
2, 22, 236192.0836509665, [7044124.4865520755, 22.07191945949733, 7868.044511176502, -614.1483653618474, 5001.51086953367]
2, 23, 237291.3625118426, [6679314.749021062, 17.239650873726987, 7263.247926988105, -1446.0785629596994, 4676.856904224591]
2, 24, 241183.81130878345, [7514081.027443634, 36.26896175349401, 6104.505862662733, -2740.4524470740653, 5079.459641420236]
2, 25, 241331.91621311757, [7025942.493875304, 13.415009843765418, 6317.922265052359, -5874.418658762186, 4995.1725182113605]
2, 26, 241562.63105994172, [7365968.612539694, 22.322084689743686, 5928.6952341025635, -8547.856469315278, 5019.604209334939]
2, 27, 243153.5637955343, [6360452.004302414, 15.605065493042076, 6394.958946661619, -2450.1093585350386, 4619.235803897955]
2, 28, 243772.78894342805, [7777054.824421184, 27.998994243748065, 5998.760946466599, -6592.660435876613, 5068.985685583256]
2, 29, 244999.02517451663, [7354701.798626489, 21.934805391149276, 5745.574084027769, -8474.60507238584, 4926.862363340699]
2, 30, 245328.13348233746, [7507978.683100885, 17.07272696077666, 7014.903370384237, -1528.652058624957, 4887.049271501413]
2, 31, 247117.68604061226, [7852938.037041161, 34.363821017835676, 5811.866251470733, -4502.112615506251, 5084.345887770086]
2, 32, 247759.7993182738, [7033494.504683099, 30.90697564946337, 8223.490813810615, -9999.463676874806, 4646.533276805647]
2, 33, 248193.5843629471, [8000000.0, 21.645166095067363, 5529.586039461957, -2165.404677163501, 5050.681274783219]
2, 34, 249312.0306398585, [7551250.306117963, 23.74560890296687, 5697.962037131968, -6982.672722192801, 4938.618664693546]
2, 35, 250229.0232050251, [7878267.4384264415, 22.667950428009476, 5504.690552245511, -2112.9196005622603, 5101.032890746469]
2, 36, 252020.60607759445, [7827858.530854523, 22.45839839619719, 5301.2230363405715, -8240.927395609804, 4630.240241427191]
2, 37, 252462.44603680816, [6821895.459597576, 23.972033912479247, 5891.902878281417, -4713.891263313962, 4781.846526995519]
2, 38, 252471.00650857037, [7108735.749982265, 24.788850741666355, 5778.653046547156, -5416.377747101262, 4784.895232517663]
2, 39, 253253.91803472716, [7506378.06003981, 20.69264995500479, 5236.444678449313, -9001.59707890655, 4628.806043302371]
2, 40, 253858.46890358292, [6331364.715394133, 25.92626223800918, 5949.019648611276, -5269.248465398539, 4828.801112666245]
2, 41, 253897.86185616517, [6233842.018036843, 29.524716242160125, 5999.610072597904, -5235.967683000771, 5042.103600618813]
2, 42, 254154.62468047024, [7223908.627948676, 25.2803853765119, 5678.498678298836, -4863.576407094859, 5215.521635427337]
2, 43, 254725.1767852653, [7612693.730698411, 26.248182430924516, 5321.116954494364, -2578.5851181552357, 5423.480546300088]
2, 44, 255025.9085086928, [7291253.4294700045, 28.081317861615894, 5581.74872776495, -5113.365567354064, 4979.94978152429]
2, 45, 255333.65570067868, [6524278.500774838, 22.44235443188348, 5706.891755326207, -2590.729563853382, 4676.633635319622]
2, 46, 255576.23543752014, [6485266.40159616, 23.74974661335275, 5700.269742814182, -7642.741706037318, 5058.846841853161]
2, 47, 256031.46487682176, [6533823.370761277, 26.013624344784347, 5514.893127346003, -1539.9570201376046, 4725.739778526458]
2, 48, 256094.45456409678, [6967990.801152599, 11.90416644240351, 5302.703978403747, -688.4825852772061, 4831.719786148897]
2, 49, 256153.67351806688, [7095053.906705843, 25.778067467639097, 5350.544119776213, -7605.91797144263, 4790.0460351225565]
2, 50, 257673.33945291012, [7420253.355272377, 24.10906213419181, 5193.159190514491, -3104.7409936698095, 4968.110589322923]
2, 51, 259107.6510440836, [7002722.418666811, 28.906651588623337, 5157.586499338535, -5489.53972907962, 5142.435951731649]
2, 52, 259397.33662815188, [7871166.118825602, 27.9601720859747, 4692.135485227768, -7848.277845661054, 4706.90175441205]
2, 53, 259537.65981752842, [6709822.261519065, 28.272315145767298, 5262.606102952722, -5311.127424490967, 5167.158183685689]
2, 54, 259842.23327222632, [7013789.434414715, 29.625388403291264, 5084.0564413668435, -3054.3227305385567, 4772.074292042617]
2, 55, 259973.3956782512, [6669105.430325265, 23.749524774094855, 5185.758376596486, -4512.44041980163, 4657.291581332454]
2, 56, 260104.81747450784, [7529430.787124227, 33.812129062554156, 4855.2259459696525, -3704.6775650249924, 4670.451538360162]
2, 57, 260330.79019127804, [7083209.268795192, 20.188232421320397, 5033.537187228525, -3420.904354059551, 4903.252610322904]
2, 58, 260351.55620269233, [7709140.062563245, 18.090794896207584, 4575.794227848126, -8331.926632844246, 4634.05172602431]
2, 59, 260638.2837463785, [6849917.334619303, 12.803091837382759, 4832.620754791443, 371.8288440324286, 4579.551338649624]
2, 60, 260756.1042591571, [6708000.611627262, 24.50140757090362, 5056.222674385107, -3418.4136512653977, 4906.454247452678]
2, 61, 260822.81337269876, [6533492.244922165, 24.70026064340884, 5126.214945893816, -5573.913546204094, 4977.545262720639]
2, 62, 260877.83361392198, [6549796.933510487, 22.308345753244808, 5117.224855260431, -7244.749331503528, 5205.675775410835]
2, 63, 260935.41499606727, [6466760.060406679, 23.592426725378655, 5113.485611568839, -7493.535060212279, 4991.772680740232]
2, 64, 261014.0714088872, [6485761.509908162, 18.89859441013282, 5203.075261573626, -6935.575750863962, 5262.91265582297]
2, 65, 261131.66027382607, [6804073.42589629, 35.524508014858334, 5005.512302365172, -3128.017950193887, 4995.696517556506]
2, 66, 261484.3222231643, [7692146.156409729, 25.664924517192027, 4560.267646476383, -5421.697906436218, 4624.378833577396]
2, 67, 261814.5090921109, [7275254.76880556, 26.176788633862092, 4652.615512867763, -4038.8238048025655, 4836.144451517768]
2, 68, 261941.3083866711, [7658267.229124561, 38.22847707908749, 4482.416466987222, -7188.243078625392, 4673.848573026165]
2, 69, 262034.61974120935, [7146646.873679651, 27.066798600679792, 4622.484008810727, -2560.847780585816, 5514.207648914538]
2, 70, 262104.34228538425, [6397080.980464134, 29.97458056068897, 5024.074864232663, -4672.285401721247, 5091.841936332156]
2, 71, 262286.94502567913, [6490907.952331283, 23.496657739907686, 4948.292578483698, -6803.417505628984, 5165.379183890714]
2, 72, 262617.9017244284, [6680294.322104179, 25.83900034084394, 4751.41642421737, -7067.386279677932, 5355.656179543968]
2, 73, 262656.45953124017, [6681021.958188785, 21.57280242324551, 4767.997992384966, -3412.52533610175, 4903.801627462392]
2, 74, 262991.4494363168, [7190319.409774931, 25.529618216460232, 4417.661424196579, -2013.0104892292738, 4721.557263525029]
2, 75, 263043.1616226655, [7598769.089139323, 21.79903703717524, 4247.302379924486, -3411.447004467216, 4778.039372542717]
2, 76, 263264.56377899856, [7282235.384354132, 17.65365949943351, 4396.555796464626, -5328.581109597022, 5037.523486645138]
2, 77, 264110.89322594396, [7396750.610739905, 25.944865200667998, 4132.237776719041, -3616.2413240492597, 4790.942321179942]
2, 78, 264142.4986386458, [6985680.9779348485, 24.32404892963087, 4294.884959774274, -5011.075646025763, 4841.547200504655]
2, 79, 264274.6276839368, [7141354.182197145, 20.596510231121627, 4210.771329467896, -3124.2671993570325, 4843.749244911725]
2, 80, 264823.0352397193, [7464992.251430303, 32.10816180361687, 3906.0814643118497, -4542.169415991091, 4784.37415813443]
2, 81, 265190.8336103716, [6355838.642799539, 23.992049083951226, 4316.22545234031, -4396.789771916013, 4939.565087026384]
2, 82, 265544.9125971166, [6929679.408061261, 23.5629052540609, 3947.228402101668, -1986.7064337945542, 5238.112855659156]
2, 83, 265803.1350433047, [7627589.011221836, 22.923612812979332, 3535.345578274584, -3787.611497769786, 4987.232479241599]
2, 84, 266708.56605064945, [7337547.326088486, 30.074167557852206, 3295.800312782728, -4523.180250670665, 4942.036798383309]
2, 85, 266721.3559856181, [6905830.525017636, 22.63961837359718, 3554.1291700847178, -2403.0409843255047, 5433.450540855486]
2, 86, 269698.23362537584, [6819809.199632127, 11.666791508666234, 8106.385497005191, -154.5106536392726, 4269.204415474385]
2, 87, 269714.8867204547, [6831824.114510119, 17.532032476422707, 4843.864013035273, -5611.180157012059, 4377.836660670108]
2, 88, 293668.672944073, [7409330.404562852, 24.361546159314457, 6456.053386248157, -8610.85804483019, 4662.485310869071]
2, 89, 313391.41150732996, [6505746.560538267, 24.65610890169847, 8176.211135229859, 4636.55893323441, 4899.885979481176]
2, 90, 339431.75025311013, [7556808.709842934, 18.39466186342415, 5924.967019698994, 2601.8926782293875, 4968.531182311916]
2, 91, 350599.18501402915, [6824496.43894253, 21.135400166814826, 6860.679213729329, 9009.734210135546, 4445.073141124042]
2, 92, 538918.4742651039, [7614967.09066628, 24.27341530575618, 8516.066618198209, -1366.418883881851, 4943.592850562346]
2, 93, 539752.8083534007, [7806567.74678236, 28.674118071838326, 7981.132963574601, -5593.666491248519, 4804.258588726751]
2, 94, 542815.6797648355, [7802630.74163083, 38.033831389796866, 4395.010623368299, -8792.225976525164, 4635.7365495034755]
2, 95, 543657.3334720077, [7663146.0204355875, 36.459725333043785, 6237.196176593601, -8190.95424116276, 4670.9362343790035]
2, 96, 543900.1748944714, [7770830.057727624, 34.563068301343705, 5213.7570257553825, -5711.88817803444, 4586.560564737049]
2, 97, 550795.4240225309, [6867932.642214582, 12.746407452948773, 6720.258951401406, -10000.0, 4736.297625441331]
2, 98, 554818.9059347745, [6554016.027040575, 13.05539013246049, 8153.945548365703, -2590.256971673897, 4686.481663131714]
2, 99, 556718.8571594128, [6099133.022058914, 27.70702998822381, 5765.320250543429, -2283.04017804808, 4902.016134944499]
3, 0, 23563.700090118204, [7936001.484146775, 29.650370097435797, 8010.66220833056, -5477.438954105854, 5207.238493480871]
3, 1, 57939.36692076387, [7502821.462118416, 21.227926825165866, 7272.42592739877, -3539.568942031619, 5031.0012923302875]
3, 2, 77468.82814227039, [7569076.463651685, 19.968540688741783, 9000.0, -6342.710804107621, 4956.167070687138]
3, 3, 97124.38306319455, [7888843.861255056, 29.86860874024461, 7876.435587542675, -6610.524975801346, 5174.291623229383]
3, 4, 97269.08335579626, [7064152.135701064, 27.096686238864727, 8108.216851748171, -4115.144220480094, 5496.788626852953]
3, 5, 99377.51545150016, [6990241.742562215, 29.425093082467953, 7484.219564279394, -5666.978525900903, 5169.17982202873]
3, 6, 119105.98209493459, [7319018.500739046, 21.772520593137084, 7589.579805318441, -4605.439141411711, 4881.3336325884275]
3, 7, 119401.44194254625, [6336944.531473397, 22.558497887047977, 7821.83421552556, -5263.229994329141, 4945.6519337394575]
3, 8, 129119.53521427482, [7294094.201578344, 19.564497177062705, 7931.403015499096, -6933.970957396065, 4964.979578785447]
3, 9, 144886.5104709118, [7642336.350242389, 23.283195881760246, 7645.409319237573, -7041.085861394716, 5002.150843487584]
3, 10, 148911.36693691023, [7877093.034829866, 21.04419963296785, 8450.623140532633, -2421.9233436586064, 5097.047529028751]
3, 11, 150398.87552049445, [7590903.51428053, 20.45161877424939, 7944.55204583758, -7007.684011087541, 4619.7818227417365]
3, 12, 152844.90489863852, [6389627.314846758, 26.79990853130463, 7473.933444311139, -6503.981048962213, 5641.823533503501]
3, 13, 159262.40187862012, [7121391.749355529, 22.4705923590406, 6865.5170032580845, -2358.28655244613, 5366.634401667484]
3, 14, 165132.0448805113, [7841290.829240189, 28.582655650855326, 6672.456610581633, -7333.94224407398, 4627.181528597341]
3, 15, 166746.21286725195, [7504556.061880334, 19.647690649716864, 7346.529739989803, -3013.557058449838, 5059.922168554798]
3, 16, 172353.5738982065, [7475764.019902066, 21.121630082100374, 7914.824098209412, -2344.807830396775, 5095.994739342569]
3, 17, 173238.2571109133, [7329775.770164757, 17.869947408296785, 6911.56582443272, -3213.7299151368825, 5453.365333511154]
3, 18, 181581.18590258464, [7398544.899197451, 17.972374927844, 7582.576346346406, -2264.2344355727932, 4895.930476452506]
3, 19, 182367.92590645354, [7759969.972510251, 28.67663737561825, 6589.553762857782, -7817.138441478694, 5135.859165695828]
3, 20, 184390.03037411813, [7727184.474651701, 21.034003054666915, 9000.0, -1032.113069045733, 4965.71658843628]
3, 21, 184924.52770705707, [7443375.898975181, 23.78738437082766, 7031.742854566134, -4469.174114742873, 4961.323256434749]
3, 22, 186958.89617261649, [7385642.479550279, 25.578106277190454, 6710.174776348269, -7601.131602389214, 5121.230105208448]
3, 23, 189088.79066719048, [7523895.302411238, 22.898729487140777, 7300.896212566424, -7278.393627899856, 4653.986015581733]
3, 24, 189179.86170603652, [7075921.533692407, 19.819655849951953, 7995.771776595699, -1819.5408473617406, 5005.1142669854]
3, 25, 191877.39318168114, [7533640.581360162, 34.438919101097, 7557.382258390233, -2793.7549248829487, 5660.042953045091]
3, 26, 197602.26560393226, [7916744.980273192, 20.037690890360736, 7020.318390238513, -3449.6882113411407, 5743.93515159706]
3, 27, 198240.41880126036, [7755636.791718244, 19.18696262002107, 6807.0420530972315, -6576.287200701632, 4944.160512852111]
3, 28, 199365.11721314187, [6476964.071746721, 18.980492018337642, 7139.197749361958, -6414.7885318971175, 4962.688726978331]
3, 29, 200558.81561319617, [7610392.938960652, 28.192077975286697, 6750.987094161144, -3342.40474317558, 5500.867980302971]
3, 30, 201125.2229355399, [7966222.396450423, 14.806425499002714, 6407.444462915839, -1948.269092305055, 5074.342913480915]
3, 31, 202963.6341466061, [7294511.000562127, 25.973615949262154, 6879.297023843057, -3465.7669283905243, 5186.829978137084]
3, 32, 207236.43479832087, [7296007.7622735, 26.1025387674413, 6870.542224465052, -5375.649655587315, 4921.78756890561]
3, 33, 210535.8679896281, [7250387.635588103, 28.30729000054075, 6868.061783806965, -6349.223981563762, 4944.804414264368]
3, 34, 212027.9278476816, [7102455.06337584, 23.525413417676997, 6984.341333782295, -4706.893654343755, 5130.8219000932495]
3, 35, 215226.76154016767, [7204353.603164738, 30.431827300849577, 7156.053325416142, -7800.960297699902, 5118.937084416658]
3, 36, 218505.28806063565, [7504456.835368246, 18.629109747220276, 7441.988487794737, -1579.0266899860426, 4984.454439427106]
3, 37, 221749.3443678962, [6832243.068954067, 30.687882738971116, 6862.035325814598, -4987.914833920975, 5013.155043152774]
3, 38, 222369.15935088473, [6248821.068860924, 21.926587493662616, 7053.655707596481, -5328.215373287761, 4976.738432259564]
3, 39, 222642.5877822157, [7526693.610463976, 21.341476814702258, 6516.193628844442, -7672.1335446279845, 5543.940914281796]
3, 40, 226215.70785717582, [7186554.140377948, 23.714255901246947, 6660.909171179403, -4042.440430003731, 5321.891867805029]
3, 41, 226988.7632344375, [6946654.673550821, 21.843742355802114, 6685.799380586211, -3592.1869037677893, 4666.231276697287]
3, 42, 231744.3757904522, [7354637.304500678, 17.49265108627715, 6222.8762796002975, -8098.917459936821, 4943.7093112538305]
3, 43, 236352.65870187324, [7101152.087294873, 16.952641824579946, 6480.704044590119, -4832.728082687203, 4736.774363038717]
3, 44, 237030.37947889953, [7829309.178198193, 29.255717457295788, 6198.482215665627, -3071.876252197837, 4797.036626709463]
3, 45, 237108.69904771267, [7868000.821343035, 33.44660496490875, 5860.712635402017, -8147.160046885562, 4707.535835254723]
3, 46, 238930.72937692405, [7871083.381994799, 27.645090832268647, 5910.209267631108, -7844.251357919136, 4691.73756202459]
3, 47, 239925.0319167346, [7427398.751879563, 26.298630860968135, 6291.111030752419, -4761.370242789473, 4731.311420690996]
3, 48, 241127.7836073375, [7230589.122544635, 22.649796430486088, 6313.981672137907, -5819.439112710051, 4988.184113318325]
3, 49, 241981.14969090826, [6535210.976968829, 21.948841590601223, 6419.753046152377, -2531.623061081853, 4632.283087454218]
3, 50, 242620.84632069443, [7243552.386021461, 23.927207982817425, 5920.740959815032, -8377.006939919407, 4893.537290196987]
3, 51, 245529.20749271158, [7432051.661967882, 22.15147072922207, 6063.317687452556, -4460.51121812619, 4946.019177947747]
3, 52, 246582.10637562608, [7556997.581359582, 25.839911491624427, 6024.473047325709, -5887.610383187628, 4948.474144721783]
3, 53, 247751.89747101712, [6513374.813995135, 18.912952415679555, 6181.558889432537, -2449.899760777943, 4645.103095244279]
3, 54, 248725.43592276133, [6816752.996768766, 29.702864451779586, 6092.783498214295, -5135.436153029931, 5021.084718746105]
3, 55, 249033.78323119227, [6260348.783821689, 25.484542770715414, 5930.915260586481, -8870.011606458273, 5039.794446229608]
3, 56, 249289.64155546908, [6997143.0539364545, 25.74700440865627, 6024.30861989414, -5688.790055739158, 5700.45050534967]
3, 57, 249615.7159086315, [7511443.602803506, 32.837506492556756, 5774.658095518424, -2983.521833106035, 5204.349119414441]
3, 58, 249667.6345936907, [6698384.763383415, 15.592113563724357, 5987.062233128877, -6949.023905473747, 5039.52816173059]
3, 59, 250040.43853633304, [6658938.920331868, 16.617354925074338, 5882.452710247387, -7769.560045206283, 5057.8965849081]
3, 60, 250145.7270647746, [7123615.501945417, 21.853582909679442, 5919.909318994375, -4464.135124417602, 4939.204860268068]
3, 61, 250812.53927918195, [6936167.450430889, 29.102071485323535, 5930.686975864809, -6009.187072960611, 5033.395509384068]
3, 62, 251051.48339074978, [6615991.454868833, 25.37479697143321, 5833.18181994997, -1321.096172753605, 4928.578780960541]
3, 63, 251143.30142447544, [7444160.343425072, 22.839382467784322, 5750.68440044241, -6551.485569077301, 4977.3859933368385]
3, 64, 251665.07851815774, [7128697.891496884, 27.936991741908457, 5821.191429085662, -5404.692231717867, 4992.637762520117]
3, 65, 252382.78416654174, [7871268.313339494, 23.31563538360487, 5327.848414431348, -7604.402830154002, 4625.771353108153]
3, 66, 252446.44155353427, [7274068.59581308, 31.50776957425399, 5710.467042457351, -3555.7942075558476, 5135.529202101688]
3, 67, 252523.17267523217, [7924777.326425231, 22.313561192126244, 5423.993128302562, -3687.461133090118, 5056.941683186933]
3, 68, 253489.46694681357, [7897228.022462306, 18.772596874600175, 5367.93581810439, -2306.555504185638, 4610.207141040177]
3, 69, 254593.09398005757, [7657257.651620426, 22.237580261311894, 5292.13283048324, -8811.847203788173, 5445.187903616515]
3, 70, 254616.61743002862, [7576511.657060731, 26.270697970468433, 5510.849562185145, -4734.8842158122625, 4890.158739301152]
3, 71, 254901.3010506652, [6976910.997093442, 28.00304970070417, 5636.438073945306, -5918.467592574745, 5140.999102192374]
3, 72, 255098.8786144016, [7300150.844369471, 28.267014274387815, 5472.82379024683, -5626.832493066535, 5101.329411923841]
3, 73, 255212.81685769797, [7048512.574731106, 26.695460524423282, 5530.0177484420665, -3049.465798594496, 5222.206151008228]
3, 74, 256141.90328328728, [6979272.4823116865, 24.80821524044452, 5291.766796235568, -680.7169514858739, 4950.4989798617335]
3, 75, 256331.80668759608, [7698158.991906861, 30.76159870481305, 4994.2665344132665, -8113.959750478188, 4691.6218944673]
3, 76, 256753.27941789787, [7058243.420977674, 24.085061745211547, 5430.665854252092, -5964.748299829016, 5043.709835268798]
3, 77, 257278.69120770655, [6981699.766190775, 25.904456351844424, 5421.1187332084055, -4860.348041401865, 5077.531454281914]
3, 78, 257894.20053566873, [6893646.757584194, 28.419149891248164, 5321.267462526848, -7328.360876513511, 4827.274771476626]
3, 79, 257979.5322934749, [6935414.921797942, 27.447907914988754, 5291.7119505855135, -6872.761222735079, 4877.482779019417]
3, 80, 258122.1262501977, [7837559.1884610625, 27.164975342652646, 5040.446600327651, -6876.222879343684, 5378.573923844357]
3, 81, 258582.9700225264, [7070709.081433352, 20.79443838929068, 5203.366708325081, -5615.179645972407, 5160.688474631565]
3, 82, 259152.16680965148, [7681321.840843387, 18.630117603740736, 4857.148490886635, -2911.471265152623, 5245.376877048947]
3, 83, 259242.59577526187, [7054610.168573212, 23.833454205031448, 4975.257586852561, -7787.155277750229, 4628.665832424188]
3, 84, 259628.43162364684, [7751375.090851009, 27.45251373228045, 4814.422626939186, -3137.9774037026646, 5180.202814671924]
3, 85, 259734.87235584468, [6698748.4865696, 34.336442323477094, 5181.550363689097, -7455.676404018568, 5034.552874433181]
3, 86, 259939.93798037415, [7029788.471265833, 18.32038661265701, 5064.493166266014, -6782.494903092526, 5115.96283095874]
3, 87, 260514.43158921943, [6550321.297204137, 23.943677218773527, 5216.332022861219, -6842.024365383559, 5013.962477796084]
3, 88, 260681.43837759236, [6484112.449844868, 18.65297646054413, 5166.066157043263, -7266.700411662405, 5247.197669197923]
3, 89, 260750.5796984336, [6672897.5932912715, 21.785623687535562, 5118.257175766085, -5831.163812837973, 5224.129703517789]
3, 90, 260788.72975615296, [7351326.683963863, 24.404552573739327, 4791.130015073313, -5127.812483235869, 4949.995861253665]
3, 91, 260965.5960054747, [6551972.318615345, 20.125989857537277, 5139.57624759462, -7219.384585527304, 5202.281628688816]
3, 92, 261123.81469647362, [7033924.391860602, 22.82496705958703, 4930.913275776252, -5008.024214244644, 5093.142970621883]
3, 93, 261179.6672090005, [6680315.917907309, 23.668227559602357, 4952.786098247561, -6457.859966443137, 4795.230950111858]
3, 94, 262782.0758299778, [7189617.617213009, 23.141684532963254, 4525.427471879751, -5139.304513887989, 4860.189198449266]
3, 95, 263604.4325561208, [7251681.761903264, 25.16915229600673, 4340.004028551658, -2707.7058287443447, 4726.4567359663315]
3, 96, 540153.9967357949, [7527023.875885004, 30.50306750616421, 6316.889815013488, -3085.3948316046803, 4930.654160521538]
3, 97, 540460.5022628102, [7684934.927945122, 23.53846028784784, 5279.889448060737, -7863.034445041036, 4833.4642275171145]
3, 98, 548729.5955820424, [7027006.759371817, 22.19644795303437, 4181.332783337564, -1762.544584576151, 4760.080433987118]
3, 99, 556219.7532799215, [6435779.083409097, 22.90092250754949, 5089.32038709795, -7286.951040379726, 4675.392188506134]
4, 0, 23563.700090118204, [7936001.484146775, 29.650370097435797, 8010.66220833056, -5477.438954105854, 5207.238493480871]
4, 1, 30644.459219728356, [7060283.653799896, 30.54659608415274, 8110.33831765214, -4828.3380020819795, 5162.896241564522]
4, 2, 58100.08910705941, [7322492.496287834, 21.425361640084702, 8207.96534421863, -4255.663240003464, 5056.751055277307]
4, 3, 67746.50669302355, [7708643.88321108, 27.9176182211352, 8521.307741274348, -4036.313779631286, 5094.60444192574]
4, 4, 70220.0813640801, [7066332.334488165, 25.329603189132232, 7940.041655285614, -4292.5316425824885, 5183.652364658593]
4, 5, 73435.17223770614, [7754170.176924054, 20.55879336382108, 7157.298321327618, -3446.818717250035, 5002.674898603595]
4, 6, 81544.80994587587, [7848392.974387604, 23.56266219318543, 7655.1556406344025, -5696.927352505447, 4601.6817058558745]
4, 7, 101023.09718967146, [7808509.320886665, 21.148244222130035, 7917.373350535859, -3476.671387841225, 4912.233593804697]
4, 8, 102435.85367788866, [7583667.518629333, 24.73937434686433, 8699.810417168183, -6451.392191695622, 4647.743017997795]
4, 9, 104301.5312849766, [7283579.230080925, 20.730647956846976, 7896.591963618336, -4172.037291584239, 5589.472725942727]
4, 10, 104690.39431078966, [6804376.35447887, 20.29128919970199, 7213.861852473533, -6923.624120778624, 4750.338981189755]
4, 11, 108190.60469996613, [7546591.035010785, 18.88162639406199, 7779.654075691052, -6330.39050866686, 4800.671248580374]
4, 12, 108398.88398019323, [7670692.090843191, 26.99930740559893, 7116.131372605803, -2911.6235282540633, 5253.3039993869315]
4, 13, 112630.62399723964, [7708854.038694302, 23.790594211317686, 8078.102413394146, -3271.3944481258527, 4978.805710972421]
4, 14, 116831.15027932277, [6972291.257560928, 20.45394000415461, 7925.169313780773, -6419.8085657611555, 4699.209551588317]
4, 15, 116884.91344019471, [7341431.303468338, 20.674700389449647, 7605.3266840645165, -3582.6608305546742, 5023.933777205735]
4, 16, 123400.11761591159, [7198029.4486265, 30.679592621062877, 7551.141945021113, -6632.257387638318, 5139.0710793959]
4, 17, 125138.13302874294, [7712336.608138731, 30.80524637248037, 7006.853268766329, -6885.154506235043, 4650.61693535068]
4, 18, 127250.69516935888, [7514415.999618832, 17.917845874129476, 6981.408221472368, -2392.9580348602008, 4910.715395831316]
4, 19, 130142.48641973577, [7406281.720479725, 21.326129898169043, 7435.40579281914, -3471.606193675335, 4977.968772350368]
4, 20, 138319.29344551644, [7352065.621486753, 18.592485648060258, 7836.803926571968, -7636.125652666645, 5589.605879320449]
4, 21, 143084.97888819856, [7464579.191094901, 21.18502786756955, 7123.09147393266, -3509.5277640334884, 5134.320110293001]
4, 22, 150088.98209509175, [7512071.187181289, 19.57635100127481, 7436.100370949638, -6651.783088862428, 4706.5467584612525]
4, 23, 153906.08167818034, [7412422.633420096, 20.032984688329808, 7896.092774384011, -3110.7744285694325, 5467.356512781506]
4, 24, 158120.5835055861, [6992004.932353514, 27.695990653884802, 7599.629779250369, -3052.3836453480485, 5067.0892590136855]
4, 25, 173054.31464326597, [7419589.659129179, 20.00969504370436, 6780.11574567039, -1810.8246506822534, 4813.608320257686]
4, 26, 178593.4543837348, [7403958.187910816, 21.926675564107107, 7031.3912090988815, -4109.641859443932, 5028.635158044535]
4, 27, 178674.70787770374, [7403193.751070801, 22.246141503979313, 7112.364149164539, -5591.331526989953, 5143.132383401732]
4, 28, 181042.39248490732, [7672423.233683898, 27.184204186673767, 6768.8932720977045, -3230.528801064351, 5361.249675090356]
4, 29, 182248.80736407093, [7922536.956463435, 20.707025888429875, 6559.069753189476, -2405.2560658232355, 5195.724198922518]
4, 30, 182409.6036743634, [7112465.931799714, 19.91611135286919, 7923.822870052335, -2162.9337769318454, 5077.391049196787]
4, 31, 182417.49396550056, [7513459.774385832, 19.922282097725375, 6722.022494471159, -7938.902973699281, 5457.279603822831]
4, 32, 184249.0128573469, [7679448.225510172, 25.206108568724908, 6796.106448304238, -3219.7007336338565, 5027.665282929993]
4, 33, 186238.69798660665, [7093103.0473910505, 19.96402130168091, 7959.993853663562, -2011.7319989591952, 5080.070801631465]
4, 34, 187260.3830183358, [7532414.784593551, 26.241459881710796, 7382.850839601756, -2828.307174244743, 5403.025418472055]
4, 35, 188382.79833420014, [7309793.641545683, 24.615285353551435, 6826.658395972409, -7344.851513109522, 4920.600817896648]
4, 36, 193202.51759119696, [7574741.745302724, 31.27997117671298, 6710.524876552408, -2863.2896602354253, 5412.881309089575]
4, 37, 193290.29214905007, [7894323.597681461, 28.038309309119317, 6457.134358562023, -1872.1130441874604, 5241.490581455976]
4, 38, 196729.8337984834, [7274503.608535478, 28.48599827633112, 6989.710002981878, -5328.730613718118, 5034.327175761292]
4, 39, 199342.10306637103, [7519488.83259776, 25.3153570836146, 6834.084704107804, -3489.678733280324, 4888.184857923799]
4, 40, 199772.3834925304, [7512726.450843837, 19.594547852395127, 6760.1737913880825, -7646.032054138233, 5379.5860904335905]
4, 41, 200731.78256858443, [7172801.495086389, 25.368337395062515, 6809.2576554620355, -3200.0037161206483, 5155.51620762904]
4, 42, 202338.4364641927, [7472549.938227295, 26.348925850663584, 6797.943283099566, -3869.47658165001, 5590.9383436672615]
4, 43, 206902.37890011526, [7571238.244733993, 23.434839856285066, 6756.655095287822, -4011.2733715756995, 4961.5056530247775]
4, 44, 207995.94935011902, [7350325.194443967, 25.427622576455533, 6719.89814693595, -7345.167978336502, 5120.863314487025]
4, 45, 210672.99255985254, [7128059.115993779, 20.898501004090313, 6943.323353946535, -4858.647006123963, 4888.383944118454]
4, 46, 213291.865249963, [7342796.74261648, 22.934989452031164, 6816.338227333523, -4284.899086231483, 5004.102758383667]
4, 47, 213537.8939092424, [7337000.908370496, 24.647105382075317, 6797.6317183746, -5387.281702569484, 5057.9013905019765]
4, 48, 213924.552141316, [7161238.484327391, 25.803412324709477, 6871.053322261888, -6572.184756839326, 5206.8457043297585]
4, 49, 215098.30645763798, [7244922.718468181, 19.800211936780364, 7351.335861452983, -2645.373493507145, 5685.077794988823]
4, 50, 215482.23559065626, [7377195.394571008, 21.926661493867297, 6690.324846161566, -3503.647635971789, 5420.747046024775]
4, 51, 215684.8880614948, [7339610.918780474, 23.645096924159045, 6810.894337942356, -5360.746797639706, 4920.939373818212]
4, 52, 216731.60884480397, [7104533.426760316, 17.63692103471494, 6768.1035190833845, -6401.49774545326, 4888.167599190882]
4, 53, 216740.58186591542, [7376489.687446711, 21.84346835141434, 6669.480730144777, -7642.723984404335, 5516.86316354928]
4, 54, 220432.54510436862, [7943701.787965028, 28.717041670237894, 6491.55531479042, -3586.7244774098, 4865.278675463723]
4, 55, 221676.8403938484, [7500895.16149942, 20.955962831534116, 6497.604574133356, -7614.580614795754, 5373.644954129728]
4, 56, 223934.48342239406, [7562959.86773027, 26.901780840508, 6325.807204005753, -7755.455449567216, 5055.000808307537]
4, 57, 224947.9567552024, [7412602.046919948, 23.733656996417427, 6626.820999755126, -6062.702752656489, 5529.446693043442]
4, 58, 225085.0514738401, [7363616.678071885, 22.063598646072514, 6703.963050196484, -5533.340065047085, 5301.952036310382]
4, 59, 225816.25950783712, [7905569.83152242, 18.772729626074316, 6474.948791875934, -5394.836488121362, 5037.83742094897]
4, 60, 227026.45218958645, [7508658.984528377, 20.033195338436087, 6592.060535043405, -4909.378169672362, 5310.818749982989]
4, 61, 227989.28328971993, [7303141.8467853805, 26.414665115486965, 6598.447986750446, -4768.46326444167, 4940.107602828479]
4, 62, 229600.16636648873, [7151457.234442694, 28.06299722769583, 6626.581108903429, -4030.9519696655652, 5002.231060756918]
4, 63, 229820.99748829295, [7657501.365868184, 25.376514752728273, 6476.260865535218, -3617.344019003047, 5002.541140305996]
4, 64, 230721.18425679696, [7379589.838340753, 21.096751793706204, 6576.171573956062, -5289.829864188803, 5353.716194953832]
4, 65, 230733.34815399788, [7457247.828606589, 26.629331384442494, 6477.711854800199, -6540.777467518709, 5172.462789300172]
4, 66, 230851.74217247692, [7692815.180476218, 26.228898541048906, 6205.3026435722495, -7525.0282014528175, 4672.698374685744]
4, 67, 232312.71217802094, [7264141.275065243, 27.94897207365726, 6530.554872712287, -5953.245194399782, 5150.236302160977]
4, 68, 232888.19936043213, [7961340.244847733, 23.272555787689555, 6275.453606099336, -4474.56792655217, 5050.36240048405]
4, 69, 233505.954942841, [7921565.852386787, 23.247433565472843, 6335.751024967644, -4380.546600151542, 5004.427833465251]
4, 70, 234387.64502563447, [7644971.550538203, 17.717875336774263, 6234.140208260774, -3215.8469966978732, 5429.426692937352]
4, 71, 236515.18689368555, [6549096.660442037, 26.9341179062723, 6757.7754631975795, -6309.991025536806, 5598.867950601459]
4, 72, 236565.5254346935, [7457030.245516856, 27.9088338541161, 6437.035889565632, -5179.459482907983, 4877.189311911838]
4, 73, 238560.874511131, [7418397.780059563, 20.232964251485164, 6387.354677708037, -5818.844492855305, 5441.795732209754]
4, 74, 239371.7026371914, [7301863.953450733, 26.20525347486532, 6328.156553436188, -5188.783847720311, 4860.795768674284]
4, 75, 239700.0436519813, [7531813.488617894, 18.57691314489927, 6303.4182456646395, -3968.618137300152, 4855.5720342979075]
4, 76, 241230.33775899076, [7431112.6388490945, 23.237465053289466, 6238.834658109375, -4292.83658088089, 4955.882736426506]
4, 77, 243267.01223424522, [7619218.648910448, 24.71192701899951, 5847.518120786172, -7472.701803235427, 4723.832331095229]
4, 78, 244716.62638206538, [7713703.0528319515, 27.422545287209253, 5879.291094708349, -6758.654535708221, 4871.277199858961]
4, 79, 246254.75148609086, [7856849.547090039, 27.558757593565037, 5742.6827473511385, -7373.214610841874, 4786.8840291664055]
4, 80, 246333.88987268688, [7586403.417124773, 27.04021022395457, 5984.256954132954, -4538.354598739344, 4960.837034337608]
4, 81, 247540.39278825984, [7415124.290956636, 23.58323634018278, 5935.398858081118, -5359.330039034671, 4966.294459053801]
4, 82, 248635.2223765297, [6645580.323700226, 22.92461125868383, 5974.49227957952, -7523.486246532097, 4964.751836199751]
4, 83, 249375.95680388281, [7774825.173663216, 21.77425509508577, 5721.640081984145, -3705.746683045318, 4986.979796922946]
4, 84, 250002.62977335518, [7120140.85499495, 24.08194627449036, 5995.955780601361, -5358.15953120497, 5044.371062744143]
4, 85, 250020.00262022176, [7486948.697241442, 22.63849370677217, 5833.056517885298, -4050.5459918801066, 5317.279825524936]
4, 86, 250099.34189151, [7876717.321066756, 27.476391841252937, 5534.389852208756, -6894.364397136968, 4718.574601553416]
4, 87, 250161.90921590923, [6961118.369222554, 18.346314847431643, 5936.64314589184, -6911.80303320056, 5007.48636022151]
4, 88, 250272.81260991303, [6412142.72432517, 25.523248152933313, 5999.915053574907, -7608.95465797026, 5074.583473998161]
4, 89, 251052.39920767653, [6719889.7770269, 20.70063391214043, 5891.681156731824, -7543.698578142739, 4686.98866892208]
4, 90, 251918.07689456857, [7081499.1877077855, 24.32877609587657, 5823.800075813055, -5322.606559602078, 5045.349424070063]
4, 91, 252396.39456543085, [7210649.333019163, 27.81927900272019, 5800.50566309368, -4509.844913009051, 5114.610029554913]
4, 92, 253085.8910872418, [7870711.159795779, 20.364089286898356, 5376.661402307727, -2516.012772933136, 4650.601104467945]
4, 93, 254890.31525849304, [7893901.148055052, 20.681135823935204, 5324.652287601296, -3529.2040658713304, 4612.00804591027]
4, 94, 255261.92343750782, [7845342.1087590065, 21.909889801077497, 5266.682363489942, -4570.253131030386, 4576.635111272376]
4, 95, 255419.347907306, [7415783.940907924, 23.48810063527853, 5416.2094992850225, -4817.650606059133, 4823.001787177795]
4, 96, 255849.14228820254, [7882269.175621232, 27.854675045570982, 5239.371190577433, -3771.1931590111335, 5266.716716609823]
4, 97, 257184.01074804427, [7048037.88741927, 24.228480341188178, 5471.471671858773, -5717.945664260725, 4998.882439399478]
4, 98, 257479.09997172336, [7569310.62919203, 24.473271592906713, 5224.665265748584, -4632.013799690745, 4662.457628846275]
4, 99, 537439.1020788618, [7382255.701345373, 24.559157625413945, 6990.052865134276, -6110.956563674983, 5122.882167325642]
5, 0, -83218.58051959384, [7496207.648508546, 25.314007755588097, 7416.530345920306, -4089.075274365564, 4957.334858484937]
5, 1, -71260.69187140644, [7229909.524815201, 23.86105744189012, 7615.074231882711, -4818.733613306981, 4862.893506646783]
5, 2, 6355.190338441367, [7338600.752081524, 28.308616040420123, 7460.352492433682, -5647.9257291675385, 5151.329520860459]
5, 3, 10033.62813078062, [7593266.065795967, 21.946546778292127, 7548.375339963058, -5018.158396927661, 4922.060368156488]
5, 4, 12229.559858288441, [7454005.201222139, 24.16628649778814, 7688.419485133342, -4814.4176197058505, 4715.218230443556]
5, 5, 14308.546794823256, [7624838.498297565, 21.33858299760269, 7282.277101949461, -3646.72583766846, 5038.3187033904405]
5, 6, 15752.580199013311, [7321621.710182692, 25.294606229963254, 8133.667034773471, -4954.611570502961, 4778.651707032499]
5, 7, 22664.71394063557, [7130825.601686768, 28.72495159708785, 7921.416494396915, -5419.647707006433, 5143.407860331813]
5, 8, 23563.700090118204, [7936001.484146775, 29.650370097435797, 8010.66220833056, -5477.438954105854, 5207.238493480871]
5, 9, 30394.515435167807, [7606393.841000062, 21.96792413766049, 7485.149508771389, -5044.180059177966, 4681.861834113912]
5, 10, 30605.818519724406, [7664433.793236227, 28.942021238460477, 7944.144128878728, -6029.473814317371, 5622.978690484171]
5, 11, 45777.47161899029, [7667312.054662922, 26.8341684414298, 7462.408855433032, -5513.269327451704, 4993.681525822758]
5, 12, 48744.18368271867, [7521402.393927706, 20.5730009568034, 7312.673607506705, -3673.986716749202, 5371.10462372456]
5, 13, 51885.467024712794, [7615694.889557446, 23.917439082183847, 8485.161848052354, -5638.026482394049, 4844.767313624721]
5, 14, 55162.96707669228, [7387836.675655039, 25.555590078817424, 7651.172846712284, -5752.32937876043, 5080.802363381934]
5, 15, 57406.471036994495, [7192874.899759953, 28.7038080327034, 7393.318216697981, -4447.190583858492, 5144.419890930484]
5, 16, 63717.29235155889, [7183061.317753496, 25.58991975647052, 8015.1412423695665, -4397.457725423832, 5213.034168130285]
5, 17, 68194.56847535326, [7338739.688789654, 25.448790230241002, 7714.679529087844, -6117.544690901651, 5231.2330468118735]
5, 18, 70611.94362162809, [7232099.568520196, 25.572799994023548, 8657.277314015055, -3998.222555815849, 5117.954218989377]
5, 19, 75970.6754670118, [7273536.780046174, 28.661263099139568, 8352.174727652624, -3964.0955078991324, 5093.330651776245]
5, 20, 76691.95127013116, [7495828.8602402415, 23.333099233068335, 7224.362004193866, -3096.721723789578, 5017.9637010175575]
5, 21, 80207.55845774277, [7399304.361239395, 20.66926613299488, 7708.3312128563975, -4069.5738696598555, 5037.909242835074]
5, 22, 80362.6006443807, [7425254.524167335, 23.987159401120117, 7933.217990588816, -6099.002759406035, 4941.188550677283]
5, 23, 84348.03368035577, [7120861.131602254, 22.056288035674, 7608.324851614641, -4001.5307092366315, 4942.1810121510325]
5, 24, 84947.6373894538, [7886502.083493625, 21.12429882518947, 7474.821563382469, -5690.1492752914055, 4654.614764610347]
5, 25, 91723.61321935826, [7855466.987372959, 28.86087416003402, 7533.6350883220875, -6500.050922454612, 5299.661314939341]
5, 26, 92410.33120603282, [7612269.602180669, 24.355047513462257, 8394.638952045578, -3342.629894254316, 4808.180551722275]
5, 27, 99900.43299805767, [7107490.945026496, 26.15501019602553, 7401.53983491716, -4093.264924209063, 5119.32182771463]
5, 28, 101614.73935257917, [7636243.897247245, 25.856248236705763, 7555.432365999801, -3917.8726246792457, 5144.936387681912]
5, 29, 103142.54354052806, [7668942.08582773, 21.453443451131953, 7050.404355449598, -3402.227564118785, 5148.203632143359]
5, 30, 103978.91088572511, [7350928.199139175, 22.98300561459952, 7308.399907679534, -4268.20188637508, 4619.667389241574]
5, 31, 104459.15449546339, [7200144.882971459, 21.935034096876663, 7741.689805758943, -5240.248672306337, 5179.259439715765]
5, 32, 105599.09278526687, [7546550.902307402, 21.150943684608443, 7742.337962284745, -3511.3425117007837, 4893.4179415837625]
5, 33, 105885.09089221484, [7106803.751043769, 24.634433013503383, 7642.7094250223045, -6217.903562083976, 4885.854875103879]
5, 34, 121123.95398717602, [7411037.37540478, 19.226224079493452, 7210.182308317964, -3972.2510448923795, 5333.916760254189]
5, 35, 123669.92799801407, [7236605.1413874095, 24.942392867535887, 7242.712987424542, -4228.498944327255, 5355.598976025167]
5, 36, 127407.90493052223, [7553156.003673137, 28.296670660601492, 6932.330297271846, -7657.63555453166, 5309.159962733388]
5, 37, 130594.05343338165, [7336191.460925256, 26.458672664973815, 7609.40821444421, -6674.937042451481, 4953.76739980327]
5, 38, 133393.67512474506, [7079162.254709425, 26.866870297752783, 7671.306908876244, -6893.962940853682, 5067.622497888011]
5, 39, 135195.55732961753, [7228881.732539819, 24.920567457402434, 7032.047459134063, -7747.556663468971, 4967.196072031032]
5, 40, 136711.54980600128, [7399753.562963925, 20.756312161589552, 7412.608415628696, -3737.2521970377747, 5312.177355032631]
5, 41, 137392.2446374224, [7695497.297067316, 23.718640925877807, 7949.402343094469, -3280.718310393635, 5369.36646197728]
5, 42, 154676.58156088862, [7415386.101362638, 24.57446280928749, 7529.5331600360605, -3436.9923075519287, 5483.853914159845]
5, 43, 158209.51051771842, [7390534.266499906, 22.795064985573664, 7187.909100757351, -4383.3622523873455, 4929.829259653319]
5, 44, 158316.0240635435, [7324233.106548216, 22.913166180623058, 6825.383859487123, -2590.3393942393204, 5557.892811870386]
5, 45, 159434.0853992813, [7885803.384198651, 26.43626012818226, 6947.022047861804, -3486.3898195492084, 5251.18758342214]
5, 46, 161869.79371565694, [7059805.487261677, 27.290695912881834, 7330.436374395733, -5250.893993494887, 5158.112684646496]
5, 47, 167353.68489242045, [7682015.063182873, 26.4577846279753, 7014.135037356931, -4816.161599748693, 4745.644728747087]
5, 48, 169358.7111228396, [7693261.928861637, 22.363777742277534, 6937.470856849733, -7147.280395775979, 5362.271941327684]
5, 49, 176675.5938732345, [6997413.354474097, 20.265068599287364, 7798.9726742061375, -7720.553356354078, 4938.249329112437]
5, 50, 177055.6219766755, [7293088.756766327, 24.151102081297722, 7145.965206863058, -4841.746879501532, 4671.4721721391015]
5, 51, 177612.81454838294, [7315448.23678462, 24.482637395421733, 6832.117248009145, -7194.048937033805, 4924.5272373848]
5, 52, 178822.25804847202, [7530632.685057044, 25.88257492031407, 7360.086624405876, -3027.004800819481, 5343.148217130368]
5, 53, 179533.41816479395, [7352393.8519634595, 23.105289051198184, 7079.4077521385, -4947.485895809886, 4928.449125199608]
5, 54, 181813.37936748652, [7197793.418706682, 28.152801424728565, 8023.203231929244, -2029.2855001674193, 5087.966677872536]
5, 55, 182192.7083867484, [7561576.7475940455, 26.080811957619268, 7055.672169169819, -5412.494008079353, 4938.506963702617]
5, 56, 186951.31322939234, [7339090.169914215, 22.50698532005738, 7060.828433657108, -3577.0248368675752, 4687.463038301979]
5, 57, 189258.46138429872, [7576419.256838766, 20.997053939252293, 7004.507327940674, -5491.059269319717, 5037.181756154614]
5, 58, 191862.46127314298, [7372106.998457047, 24.99366502332979, 7052.54295646236, -5681.296029611341, 5007.15821114811]
5, 59, 191985.66586697588, [7266680.232730029, 25.279701892907944, 6832.44569586891, -7333.679035411037, 5218.942109057602]
5, 60, 192536.23364159366, [7599835.565936597, 31.241336381250527, 7001.459533656779, -5311.635605339109, 5017.149334783912]
5, 61, 192691.74141594063, [7471768.824166618, 24.95983877332258, 6796.9631120426175, -3346.510876691768, 5366.787254676632]
5, 62, 192793.93350383843, [7512890.641996979, 26.745449703771413, 6654.478109078119, -2449.6023207657017, 5031.522570604692]
5, 63, 193412.56824415838, [7571916.0688697575, 27.52872302793581, 6994.481783783631, -4506.789348699045, 5001.014315682531]
5, 64, 195496.68654161226, [7343825.612793364, 27.431746278752982, 7047.9095362501375, -4779.093297486953, 5240.255174242836]
5, 65, 195851.9135075254, [7463026.905136136, 26.059513785886455, 6795.312941673627, -3534.876502682453, 5245.0534403663305]
5, 66, 197052.5354206687, [7695687.198506222, 22.845504517127395, 6774.844846936103, -3574.3973725524083, 5087.871227125826]
5, 67, 199041.22707097774, [7475049.794175817, 21.607417279835843, 6934.96094582457, -3938.442748681891, 5031.9050027548055]
5, 68, 199471.02757327148, [7199307.28902115, 28.231399402552317, 6904.728997551439, -3823.4756566567194, 5143.999120054081]
5, 69, 199907.1588563679, [7468202.855046764, 23.77955675439237, 6924.799709333604, -4686.698776690645, 5152.823606338525]
5, 70, 200880.77160400825, [7637110.936560578, 26.558808712500298, 6831.997119440171, -4811.746125914966, 4883.884189004712]
5, 71, 201256.0192820054, [7624200.004700126, 21.673032165819972, 6793.219456811572, -4098.077326673577, 5165.468388248947]
5, 72, 205236.37205759977, [7523767.556361029, 24.870185884088887, 6738.347485974615, -3483.3898539167503, 5098.163658960547]
5, 73, 211418.00806174567, [7524478.301906213, 25.188714137492383, 6687.139810418344, -3201.489531057013, 4875.546754254017]
5, 74, 212193.96772999055, [7564139.110840506, 32.49959091008065, 6791.04320255494, -5348.222385893331, 5154.8474813803905]
5, 75, 212567.13336315384, [7444261.003028127, 27.95132822303389, 6443.741371869424, -1934.8218645204802, 4879.0545011286395]
5, 76, 213027.0142515287, [7265737.358685311, 24.54736409604206, 6878.309009585475, -5576.251384760812, 5102.474798317967]
5, 77, 213715.77552850693, [7518688.182461536, 19.814565880962494, 7119.217736008088, -2702.8401481916926, 5393.283878561042]
5, 78, 214520.87407551426, [7481097.140376866, 25.11892574530554, 6793.001139986353, -4979.725482905586, 4964.8423381515695]
5, 79, 216139.6445866077, [7481138.922948264, 18.586212084346638, 6582.393113063597, -7229.18381260318, 5350.926220929705]
5, 80, 216224.29917434003, [7649860.690223013, 25.253126483390776, 6769.432829366057, -5471.672377064941, 5058.441704426748]
5, 81, 220698.9878745492, [7708213.18769406, 27.215602257793897, 6538.829353599016, -3163.4235661243124, 4965.6963963687385]
5, 82, 221340.59596202278, [7284910.298503022, 23.93642361283717, 6742.7884205814535, -5367.693690920245, 4923.294813238527]
5, 83, 222312.21386285537, [7457548.881479584, 22.485874074519625, 6698.282176057191, -4753.019119177207, 4813.234923309759]
5, 84, 230919.15518285512, [6651961.099801336, 22.106241622976555, 6662.104564358345, -3283.295497352687, 5465.494466224726]
5, 85, 233609.36622275936, [7180521.568655951, 25.736897128158976, 6519.643609548564, -4784.811513457338, 5003.472077156433]
5, 86, 233632.79858216873, [7151149.126698144, 23.68081547457893, 6598.482613204168, -5773.586852455423, 5110.582381234514]
5, 87, 233865.15633369217, [7699494.483763919, 21.91157270612717, 6355.903754141658, -4615.643544811445, 4814.060203830579]
5, 88, 234027.79165119186, [7541960.472182559, 21.217342872424947, 6401.863796475128, -4090.3047104317793, 4988.863771806047]
5, 89, 234778.30592756934, [7409336.019260803, 18.590051354769173, 6455.292364348934, -4221.346748588594, 4845.1398194144695]
5, 90, 236947.46153119722, [7197265.963695576, 24.765344139369628, 6502.907914107686, -5511.514598187672, 4790.122937261652]
5, 91, 246755.7290643994, [6776476.509148666, 27.855697389975127, 6234.841024597044, -5534.795815464796, 5082.37145474986]
5, 92, 248134.0557942547, [7588146.515892996, 25.4766640187012, 6961.241859760392, -1734.1122008740385, 5134.503275031502]
5, 93, 250222.6169149324, [7119801.283634415, 26.810075531354606, 5993.39962948017, -4635.456552671716, 5113.8871578556755]
5, 94, 255674.4317343776, [7586480.931406632, 20.88970345753619, 5369.628518261, -4613.523110108535, 4802.870436305237]
5, 95, 319533.2567838664, [7412281.7616288755, 25.092840230756796, 6674.5746258149875, -2820.139925609361, 5392.066581812116]
5, 96, 535312.6797198053, [7885256.187633547, 27.876419496170076, 7838.500924171813, -6637.844747074224, 4973.143016315661]
5, 97, 539192.1225576451, [7683990.17019186, 21.151373257908006, 7721.969507573165, -3476.696929888896, 4895.672223905474]
5, 98, 541223.1648991718, [7330873.649055251, 24.50552114086405, 7125.233763182055, -3825.660142685705, 4982.731730819006]
5, 99, 544640.9804690754, [7100291.025090915, 25.3197791460759, 7737.212925220567, -3780.205007051889, 4941.320237557061]
